Name,Created,Date,Tags
Hypnoses Spin,"December 18, 2023 8:26 PM",,
Huawei Watch animation blob,"December 18, 2023 8:39 PM",,
Spirograph movement with copies,"December 18, 2023 8:41 PM",,
"Colored sunflower pattern ","December 18, 2023 8:49 PM",,
Move path to random point - normalized speed,"December 18, 2023 8:53 PM",,
Step animation following point,"December 18, 2023 9:00 PM",,
Dash circle animation,"December 31, 2023 8:35 PM",,
Sold objects with colored background,"December 31, 2023 8:41 PM",,
Animated Spirograph Star,"December 31, 2023 8:46 PM",,
"Simple star sky, remove after delay","December 31, 2023 8:46 PM",,
Colored circles dance,"December 31, 2023 8:50 PM",,
Animated circles around center with blend mode,"December 31, 2023 8:51 PM",,
"Animated objects group ","December 31, 2023 8:52 PM",,
Dash circle animation with gradient,"January 1, 2024 11:07 AM",,
"Import SVG and animate ","January 1, 2024 11:22 AM",,
Rainbow infinity sign animation,"January 1, 2024 11:24 AM",,
"Spirograph ","January 1, 2024 11:28 AM",,
Spirograph v2,"January 1, 2024 11:34 AM",,
Spirograph v3,"January 1, 2024 11:36 AM",,
Spirograph v4,"January 1, 2024 11:38 AM",,
Spirograph v6,"January 1, 2024 11:42 AM",,
Spirograph v7,"January 1, 2024 11:47 AM",,
Ferris wheel,"January 1, 2024 11:56 AM",,
"Spirograph star ","January 1, 2024 11:59 AM",,
Animated circles from the center to outside,"January 1, 2024 12:05 PM",,
Colored flower,"January 1, 2024 12:06 PM",,
Ferris wheel v2,"January 1, 2024 12:08 PM",,
Rainbow infinity sign animated v2,"January 1, 2024 12:09 PM",,
"Rainbow infinity sign animated, backwards","January 1, 2024 12:11 PM",,
Animated circles grid,"January 1, 2024 12:13 PM",,
Heart gradient animation,"January 1, 2024 12:15 PM",,
Random curves animated,"January 1, 2024 12:22 PM",,
Animated circles from the center to outside,"January 1, 2024 3:53 PM",,
Animated circles from the center to outside v2,"January 1, 2024 3:56 PM",,
Rainbow circles animation,"January 1, 2024 3:57 PM",,
Wave path,"January 1, 2024 4:13 PM",,
"Wave ","January 1, 2024 4:16 PM",,
Cone sin wave,"January 1, 2024 4:18 PM",,
Digits made of circles,"January 1, 2024 4:19 PM",,
"Colored Arcs Array ","January 1, 2024 4:23 PM",,
Rainbow drawing sin wave,"January 1, 2024 4:25 PM",,
Bouncing ball,"January 1, 2024 4:27 PM",,
Sunflower animation,"January 1, 2024 4:29 PM",,
Animated circles from the center to outside,"January 1, 2024 4:34 PM",,
"Animated circles ","January 1, 2024 4:35 PM",,
"Hexagons ","January 1, 2024 4:43 PM",,
Smart assistant animation,"January 1, 2024 4:44 PM",,
"Animated circles from the center to outside ","January 1, 2024 4:47 PM",,
Animated circles from the center to outside v2,"January 1, 2024 4:49 PM",,
Animated circles from the center to outside v3,"January 1, 2024 4:50 PM",,
Animated circles from the center to outside v4,"January 1, 2024 4:51 PM",,
Animated circles from the center to outside v5,"January 1, 2024 4:53 PM",,
"Purple rect grid circles animation wave ","January 1, 2024 4:54 PM",,
Spirograph v5,"January 1, 2024 5:00 PM",,
Inverted hypnoses spin,"January 5, 2024 7:45 PM",,
Jumping lines,"January 13, 2024 5:31 PM",,
Jumping lines v2,"January 13, 2024 5:48 PM",,
"Jellyfish ","January 15, 2024 11:58 PM",,
Spinner,"January 16, 2024 9:52 PM",,
Spinner v2,"January 16, 2024 9:59 PM",,
Spinner v3,"January 16, 2024 10:02 PM",,
Spinner v4,"January 16, 2024 10:27 PM",,
Spinner v5,"January 18, 2024 8:15 AM",,
Spinner v6,"January 18, 2024 8:20 AM",,
Hand fan,"January 18, 2024 8:21 PM",,
Analogue clock by PaperJS,"January 20, 2024 5:07 PM",,
Non-linear animation,"January 29, 2024 10:46 PM",,
Circles with shadow,"January 30, 2024 8:56 AM",,
Colored lines goes around,"February 11, 2024 10:18 PM",,
Jellyfish 2 - more flexible,"February 13, 2024 10:34 PM",,
Colored lines goes around v4,"February 18, 2024 11:55 PM",,
Infinite Sign by Circles,"June 5, 2024 10:21 PM",,