Name,Tags
Circle made of points,
Lines made of points,
Pacman,
Flower pattern,
Circles pattern,
"Dash by lines ",
"Quick Squircle ",
Fake blur,
"Spiral ",
Colored pie chart,
"Rainbow along the path, hue",
Color linear interpolation,
Circles Pattern Hole in Center,
Circles Sin Radius,
Circles Pattern Hole Center,
Sunflower,
Rotate copies around center by using Math.PI,
"Rotate copies around center by using Math.PI, rotate objects to center",
Triangular Mesh,
Circles Sin Radius,